emp_id,emp_name,dept_id,salary,hire_date
1,Shreya,1,49576.27,2023-09-11
2,Rahul,3,36306.88,2018-12-19
3,Juhi,5,57792.2,2017-12-11
4,Juhi,3,40329.66,2020-02-29
5,Sneha,1,63202.81,2019-10-19
6,Pari,1,81735.98,2018-02-08
7,Payal,3,83188.56,2019-03-28
8,Ishika,7,74453.5,2021-11-19
9,Neha,2,63955.63,2020-02-05
10,Tanvi,8,83248.13,2020-02-21
11,Priya,3,50081.81,2020-10-31
12,Isha,9,48316.67,2021-06-13
13,Aarav,2,50422.43,2021-01-22
14,Aarav,9,62949.68,2019-12-26
15,Payal,2,66734.56,2023-01-01
16,Om,5,86021.27,2021-06-28
17,Aryan,9,69435.82,2016-02-04
18,Rahul,8,61847.09,2022-03-22
19,Tara,3,60529.62,2021-11-01
20,Jay,2,67806.0,2018-10-04
21,Pooja,5,72311.8,2021-03-26
22,Kabir,9,69755.88,2016-09-11
23,Trisha,5,51717.01,2022-05-12
24,Juhi,2,81118.22,2020-04-29
25,Yash,7,68023.57,2016-12-23
26,Aditya,1,88984.75,2018-08-20
27,Tara,2,48218.14,2018-09-05
28,Trisha,7,48696.94,2017-10-08
29,Kavya,2,83258.08,2023-05-10
30,Sagar,10,31269.4,2017-10-16
31,Komal,4,30558.37,2016-03-17
32,Amrita,2,41645.98,2020-06-08
33,Aryan,7,67230.52,2020-09-17
34,Shaurya,3,30842.37,2019-10-11
35,Saanvi,10,43374.31,2020-10-15
36,Aryan,5,51197.45,2017-11-30
37,Vivaan,2,81085.02,2023-12-21
38,Saanvi,1,72825.48,2018-04-29
39,Payal,10,88959.97,2022-03-07
40,Neha,1,50135.49,2020-10-31
41,Naina,7,84920.0,2016-03-27
42,Aarohi,2,56023.19,2018-06-25
43,Shaurya,3,54343.94,2016-12-25
44,Krishna,5,60207.03,2021-02-21
45,Meera,6,61134.21,2020-08-21
46,Atharv,1,63200.73,2022-06-13
47,Rohan,7,45242.65,2016-02-06
48,Diya,4,68293.22,2023-04-27
49,Mira,2,32497.04,2016-06-19
50,Navya,5,55499.68,2020-11-22
